-- phpMyAdmin SQL Dump
-- version 4.9.0.1
-- https://www.phpmyadmin.net/
--
-- Host: localhost:3306
-- Generation Time: Feb 13, 2020 at 06:02 PM
-- Server version: 10.2.31-MariaDB
-- PHP Version: 7.3.6

SET SQL_MODE = "NO_AUTO_VALUE_ON_ZERO";
SET AUTOCOMMIT = 0;
START TRANSACTION;
SET time_zone = "+00:00";


/*!40101 SET @OLD_CHARACTER_SET_CLIENT=@@CHARACTER_SET_CLIENT */;
/*!40101 SET @OLD_CHARACTER_SET_RESULTS=@@CHARACTER_SET_RESULTS */;
/*!40101 SET @OLD_COLLATION_CONNECTION=@@COLLATION_CONNECTION */;
/*!40101 SET NAMES utf8mb4 */;

--
-- Database: `devsera_office`
--

-- --------------------------------------------------------

--
-- Table structure for table `attendance`
--

CREATE TABLE `attendance` (
  `id` bigint(20) UNSIGNED NOT NULL,
  `employee_id` int(10) NOT NULL,
  `intime` time DEFAULT NULL,
  `outtime` time DEFAULT NULL,
  `off_reason` text COLLATE utf8mb4_unicode_ci DEFAULT NULL,
  `absent` int(1) DEFAULT NULL,
  `date` date NOT NULL,
  `created_at` timestamp NULL DEFAULT current_timestamp(),
  `updated_at` timestamp NULL DEFAULT current_timestamp()
) ENGINE=InnoDB DEFAULT CHARSET=utf8mb4 COLLATE=utf8mb4_unicode_ci;

--
-- Dumping data for table `attendance`
--

INSERT INTO `attendance` (`id`, `employee_id`, `intime`, `outtime`, `off_reason`, `absent`, `date`, `created_at`, `updated_at`) VALUES
(1, 6, '09:40:00', '20:30:00', NULL, NULL, '2020-02-02', '2020-02-02 03:43:18', '2020-02-02 03:43:18'),
(2, 7, '09:40:00', '19:03:00', NULL, NULL, '2020-02-02', '2020-02-02 03:43:29', '2020-02-02 03:43:29'),
(3, 19, '09:41:00', '18:06:00', NULL, NULL, '2020-02-02', '2020-02-02 03:43:38', '2020-02-02 03:43:38'),
(4, 17, '09:44:00', '12:30:00', 'There were classes', NULL, '2020-02-02', '2020-02-02 03:44:27', '2020-02-02 03:44:27'),
(5, 11, '09:47:00', '14:40:00', NULL, NULL, '2020-02-02', '2020-02-02 04:11:07', '2020-02-02 04:11:07'),
(6, 21, '09:53:00', '18:06:00', NULL, NULL, '2020-02-02', '2020-02-02 04:11:16', '2020-02-02 04:11:16'),
(7, 12, '10:00:00', '19:05:00', NULL, NULL, '2020-02-02', '2020-02-02 04:15:37', '2020-02-02 04:15:37'),
(8, 20, '10:16:00', '21:00:00', NULL, NULL, '2020-02-02', '2020-02-02 04:16:49', '2020-02-02 04:16:49'),
(9, 3, '09:57:00', '19:02:00', NULL, NULL, '2020-02-02', '2020-02-02 04:18:42', '2020-02-02 04:18:42'),
(10, 15, '10:04:00', '19:40:00', NULL, NULL, '2020-02-02', '2020-02-02 04:18:53', '2020-02-02 04:18:53'),
(11, 13, '10:00:00', '18:18:00', NULL, NULL, '2020-02-02', '2020-02-02 04:19:08', '2020-02-02 04:19:08'),
(12, 14, '10:03:00', '19:03:00', NULL, NULL, '2020-02-02', '2020-02-02 04:19:26', '2020-02-02 04:19:26'),
(13, 10, '10:05:00', '18:28:00', NULL, NULL, '2020-02-02', '2020-02-02 04:20:58', '2020-02-02 04:20:58'),
(14, 4, '10:24:00', '19:40:00', NULL, NULL, '2020-02-02', '2020-02-02 04:25:07', '2020-02-02 04:25:07'),
(15, 5, '10:25:00', '18:30:00', NULL, NULL, '2020-02-02', '2020-02-02 04:25:13', '2020-02-02 04:25:13'),
(16, 2, '16:24:00', '22:40:00', 'There were classes', NULL, '2020-02-02', '2020-02-02 10:24:47', '2020-02-02 10:24:47'),
(17, 1, '17:20:00', '22:39:00', NULL, NULL, '2020-02-02', '2020-02-02 11:42:03', '2020-02-02 11:42:03'),
(18, 17, '09:21:00', '19:40:00', NULL, NULL, '2020-02-03', '2020-02-03 03:53:48', '2020-02-03 03:53:48'),
(19, 3, '09:56:00', '20:00:00', NULL, NULL, '2020-02-03', '2020-02-03 04:04:31', '2020-02-03 04:04:31'),
(20, 4, '10:04:00', '19:19:00', NULL, NULL, '2020-02-03', '2020-02-03 04:04:45', '2020-02-03 04:04:45'),
(21, 14, '10:01:00', '18:50:00', NULL, NULL, '2020-02-03', '2020-02-03 04:05:06', '2020-02-03 04:05:06'),
(22, 13, '10:05:00', '18:50:00', NULL, NULL, '2020-02-03', '2020-02-03 04:05:31', '2020-02-03 04:05:31'),
(23, 15, '10:05:00', '19:40:00', NULL, NULL, '2020-02-03', '2020-02-03 04:05:48', '2020-02-03 04:05:48'),
(24, 10, '10:08:00', '20:36:00', NULL, NULL, '2020-02-03', '2020-02-03 04:08:24', '2020-02-03 04:08:24'),
(25, 11, '10:10:00', '19:20:00', NULL, NULL, '2020-02-03', '2020-02-03 04:11:05', '2020-02-03 04:11:05'),
(26, 6, '10:21:00', '21:20:00', NULL, NULL, '2020-02-03', '2020-02-03 04:44:06', '2020-02-03 04:44:06'),
(27, 19, '12:25:00', '18:48:00', 'There were classes', NULL, '2020-02-03', '2020-02-03 06:46:38', '2020-02-03 06:46:38'),
(28, 20, '12:25:00', '20:46:00', 'There were classes', NULL, '2020-02-03', '2020-02-03 06:46:53', '2020-02-03 06:46:53'),
(29, 21, '12:25:00', '18:49:00', 'There were classes', NULL, '2020-02-03', '2020-02-03 06:47:00', '2020-02-03 06:47:00'),
(30, 7, '10:40:00', '19:43:00', NULL, NULL, '2020-02-03', '2020-02-03 06:48:57', '2020-02-03 06:48:57'),
(31, 12, '10:21:00', '20:04:00', NULL, NULL, '2020-02-03', '2020-02-03 06:51:03', '2020-02-03 06:51:03'),
(32, 5, '13:10:00', '17:20:00', NULL, NULL, '2020-02-03', '2020-02-03 07:44:17', '2020-02-03 07:44:17'),
(33, 1, '14:10:00', '20:14:00', 'There were classes', NULL, '2020-02-03', '2020-02-03 08:14:12', '2020-02-03 08:14:12'),
(34, 2, '13:55:00', '20:52:00', 'There were classes', NULL, '2020-02-03', '2020-02-03 08:14:36', '2020-02-03 08:14:36'),
(35, 1, '17:00:00', '20:30:00', NULL, NULL, '2020-02-04', '2020-02-04 13:47:38', '2020-02-04 13:47:38'),
(36, 2, '17:00:00', '21:00:00', 'There were classes', NULL, '2020-02-04', '2020-02-04 13:47:45', '2020-02-04 13:47:45'),
(37, 3, '09:59:00', '19:48:00', NULL, NULL, '2020-02-04', '2020-02-04 13:48:03', '2020-02-04 13:48:03'),
(38, 4, '10:11:00', '19:51:00', NULL, NULL, '2020-02-04', '2020-02-04 13:48:39', '2020-02-04 13:48:39'),
(39, 5, NULL, NULL, 'There were classes', 1, '2020-02-04', '2020-02-04 13:51:23', '2020-02-04 13:51:23'),
(40, 6, '11:42:00', '20:30:00', NULL, NULL, '2020-02-04', '2020-02-04 13:52:49', '2020-02-04 13:52:49'),
(41, 7, '09:37:00', '19:40:00', NULL, NULL, '2020-02-04', '2020-02-04 13:53:13', '2020-02-04 13:53:13'),
(42, 10, '10:22:00', '19:50:00', NULL, NULL, '2020-02-04', '2020-02-04 13:53:43', '2020-02-04 13:53:43'),
(43, 11, '09:58:00', '19:51:00', NULL, NULL, '2020-02-04', '2020-02-04 13:53:58', '2020-02-04 13:53:58'),
(44, 12, '10:22:00', '19:48:00', NULL, NULL, '2020-02-04', '2020-02-04 13:54:13', '2020-02-04 13:54:13'),
(45, 13, '09:46:00', '18:19:00', NULL, NULL, '2020-02-04', '2020-02-04 13:54:42', '2020-02-04 13:54:42'),
(46, 14, NULL, NULL, NULL, 1, '2020-02-04', '2020-02-04 13:54:58', '2020-02-04 13:54:58'),
(47, 15, '10:17:00', '19:50:00', NULL, NULL, '2020-02-04', '2020-02-04 13:55:23', '2020-02-04 13:55:23'),
(48, 17, '10:11:00', '15:32:00', 'There were classes', NULL, '2020-02-04', '2020-02-04 13:55:55', '2020-02-04 13:55:55'),
(49, 19, NULL, NULL, 'There were classes', 1, '2020-02-04', '2020-02-04 13:56:05', '2020-02-04 13:56:05'),
(50, 20, NULL, NULL, 'There were classes', 1, '2020-02-04', '2020-02-04 13:56:17', '2020-02-04 13:56:17'),
(51, 21, NULL, NULL, 'There were classes', 1, '2020-02-04', '2020-02-04 13:56:25', '2020-02-04 13:56:25'),
(52, 17, '09:41:00', '19:45:00', NULL, NULL, '2020-02-05', '2020-02-05 04:22:17', '2020-02-05 04:22:17'),
(53, 4, '10:05:00', '19:45:00', NULL, NULL, '2020-02-05', '2020-02-05 04:27:06', '2020-02-05 04:27:06'),
(54, 15, '10:10:00', '19:45:00', NULL, NULL, '2020-02-05', '2020-02-05 04:27:16', '2020-02-05 04:27:16'),
(55, 11, '09:58:00', '19:45:00', NULL, NULL, '2020-02-05', '2020-02-05 04:27:29', '2020-02-05 04:27:29'),
(56, 12, '10:15:00', '17:30:00', NULL, NULL, '2020-02-05', '2020-02-05 04:27:40', '2020-02-05 04:27:40'),
(57, 6, '09:50:00', '20:55:00', NULL, NULL, '2020-02-05', '2020-02-05 04:29:24', '2020-02-05 04:29:24'),
(58, 10, '10:05:00', '18:30:00', NULL, NULL, '2020-02-05', '2020-02-05 04:32:12', '2020-02-05 04:32:12'),
(59, 3, '10:00:00', '20:30:00', NULL, NULL, '2020-02-05', '2020-02-05 04:32:17', '2020-02-05 04:32:17'),
(60, 13, '09:58:00', '18:17:00', NULL, NULL, '2020-02-05', '2020-02-05 04:33:32', '2020-02-05 04:33:32'),
(61, 19, '15:40:00', '22:00:00', 'There were classes', NULL, '2020-02-05', '2020-02-05 12:15:18', '2020-02-05 12:15:18'),
(62, 20, '15:40:00', '22:00:00', 'There were classes', NULL, '2020-02-05', '2020-02-05 12:15:28', '2020-02-05 12:15:28'),
(63, 5, NULL, NULL, NULL, 1, '2020-02-05', '2020-02-05 12:16:47', '2020-02-05 12:16:47'),
(64, 21, NULL, NULL, NULL, 1, '2020-02-05', '2020-02-05 12:17:32', '2020-02-05 12:17:32'),
(65, 14, NULL, NULL, NULL, 1, '2020-02-05', '2020-02-05 12:18:21', '2020-02-05 12:18:21'),
(66, 7, '09:55:00', '20:00:00', NULL, NULL, '2020-02-05', '2020-02-05 12:19:43', '2020-02-05 12:19:43'),
(67, 2, '12:30:00', '22:06:00', NULL, NULL, '2020-02-05', '2020-02-05 12:55:28', '2020-02-05 12:55:28'),
(69, 1, '11:30:00', '22:18:00', NULL, NULL, '2020-02-05', '2020-02-05 16:08:21', '2020-02-05 16:08:21'),
(70, 5, '09:42:00', '19:10:00', NULL, NULL, '2020-02-06', '2020-02-06 03:47:57', '2020-02-06 03:47:57'),
(71, 17, '09:45:00', '19:00:00', NULL, NULL, '2020-02-06', '2020-02-06 03:48:10', '2020-02-06 03:48:10'),
(72, 4, '09:48:00', '18:10:00', NULL, NULL, '2020-02-06', '2020-02-06 03:48:33', '2020-02-06 03:48:33'),
(73, 11, '10:00:00', '19:05:00', NULL, NULL, '2020-02-06', '2020-02-06 04:24:56', '2020-02-06 04:24:56'),
(74, 3, '09:58:00', '20:30:00', NULL, NULL, '2020-02-06', '2020-02-06 04:25:25', '2020-02-06 04:25:25'),
(75, 7, '09:51:00', '18:43:00', NULL, NULL, '2020-02-06', '2020-02-06 04:26:45', '2020-02-06 04:26:45'),
(76, 13, '09:56:00', '18:37:00', NULL, NULL, '2020-02-06', '2020-02-06 04:26:54', '2020-02-06 04:26:54'),
(77, 20, '10:50:00', '21:00:00', NULL, NULL, '2020-02-06', '2020-02-06 04:51:20', '2020-02-06 04:51:20'),
(78, 10, '10:05:00', '18:37:00', NULL, NULL, '2020-02-06', '2020-02-06 04:54:44', '2020-02-06 04:54:44'),
(79, 12, '10:05:00', '19:10:00', NULL, NULL, '2020-02-06', '2020-02-06 04:54:57', '2020-02-06 04:54:57'),
(80, 21, '10:03:00', '19:00:00', NULL, NULL, '2020-02-06', '2020-02-06 04:55:59', '2020-02-06 04:55:59'),
(81, 6, '10:05:00', '18:44:00', NULL, NULL, '2020-02-06', '2020-02-06 04:56:12', '2020-02-06 04:56:12'),
(82, 19, '09:59:00', '19:00:00', NULL, NULL, '2020-02-06', '2020-02-06 05:30:42', '2020-02-06 05:30:42'),
(83, 15, '09:58:00', '20:30:00', NULL, NULL, '2020-02-06', '2020-02-06 05:30:49', '2020-02-06 05:30:49'),
(84, 1, '11:49:00', '19:15:00', NULL, NULL, '2020-02-06', '2020-02-06 05:49:51', '2020-02-06 05:49:51'),
(85, 2, '13:05:00', '21:00:00', NULL, NULL, '2020-02-06', '2020-02-06 12:20:19', '2020-02-06 12:20:19'),
(140, 6, '09:35:00', '19:13:00', NULL, NULL, '2020-02-08', '2020-02-08 03:50:20', '2020-02-08 03:50:20'),
(141, 5, '09:38:00', '19:30:00', NULL, NULL, '2020-02-08', '2020-02-08 03:52:03', '2020-02-08 03:52:03'),
(142, 11, '09:45:00', '19:30:00', NULL, NULL, '2020-02-08', '2020-02-08 03:53:46', '2020-02-08 03:53:46'),
(143, 7, '09:47:00', '19:00:00', NULL, NULL, '2020-02-08', '2020-02-08 03:54:00', '2020-02-08 03:54:00'),
(144, 17, '09:53:00', '19:14:00', NULL, NULL, '2020-02-08', '2020-02-08 03:54:15', '2020-02-08 03:54:15'),
(145, 3, '09:57:00', '22:25:00', NULL, NULL, '2020-02-08', '2020-02-08 04:20:56', '2020-02-08 04:20:56'),
(146, 4, '09:58:00', '19:13:00', NULL, NULL, '2020-02-08', '2020-02-08 04:21:08', '2020-02-08 04:21:08'),
(147, 15, '10:01:00', '20:00:00', NULL, NULL, '2020-02-08', '2020-02-08 04:21:26', '2020-02-08 04:21:26'),
(148, 1, '10:50:00', '20:00:00', NULL, NULL, '2020-02-08', '2020-02-08 04:53:16', '2020-02-08 04:53:16'),
(149, 2, '12:30:00', '22:25:00', NULL, NULL, '2020-02-08', '2020-02-08 06:43:16', '2020-02-08 06:43:16'),
(151, 20, '15:35:00', '20:00:00', 'There were classes', NULL, '2020-02-08', '2020-02-08 11:07:37', '2020-02-08 11:07:37'),
(152, 19, '15:35:00', '20:00:00', 'There were classes', NULL, '2020-02-08', '2020-02-08 11:07:55', '2020-02-08 11:07:55'),
(153, 12, '10:05:00', '19:30:00', NULL, NULL, '2020-02-08', '2020-02-08 16:24:47', '2020-02-08 16:24:47'),
(154, 3, '10:00:00', '19:27:00', NULL, NULL, '2020-02-09', '2020-02-09 04:01:44', '2020-02-09 04:01:44'),
(155, 4, '09:50:00', '19:27:00', NULL, NULL, '2020-02-09', '2020-02-09 04:02:12', '2020-02-09 04:02:12'),
(156, 5, '09:55:00', '18:25:00', NULL, NULL, '2020-02-09', '2020-02-09 04:02:20', '2020-02-09 04:02:20'),
(157, 6, '09:55:00', '19:47:00', NULL, NULL, '2020-02-09', '2020-02-09 04:02:28', '2020-02-09 04:02:28'),
(158, 15, '10:00:00', '19:27:00', NULL, NULL, '2020-02-09', '2020-02-09 04:02:40', '2020-02-09 04:02:40'),
(159, 17, '09:55:00', '12:40:00', 'There were classes', NULL, '2020-02-09', '2020-02-09 04:02:53', '2020-02-09 04:02:53'),
(160, 10, '10:03:00', '19:30:00', NULL, NULL, '2020-02-09', '2020-02-09 04:03:41', '2020-02-09 04:03:41'),
(161, 12, '10:10:00', '18:50:00', NULL, NULL, '2020-02-09', '2020-02-09 04:10:32', '2020-02-09 04:10:32'),
(162, 13, '10:05:00', '18:40:00', NULL, NULL, '2020-02-09', '2020-02-09 04:10:41', '2020-02-09 04:10:41'),
(163, 7, '10:11:00', '19:27:00', NULL, NULL, '2020-02-09', '2020-02-09 04:11:26', '2020-02-09 04:11:26'),
(164, 26, '10:00:00', '18:55:00', NULL, NULL, '2020-02-09', '2020-02-09 06:07:01', '2020-02-09 06:07:01'),
(165, 20, '13:21:00', '19:55:00', NULL, NULL, '2020-02-09', '2020-02-09 07:21:48', '2020-02-09 07:21:48'),
(166, 2, '18:00:00', '19:27:00', NULL, NULL, '2020-02-09', '2020-02-09 13:00:23', '2020-02-09 13:00:23'),
(167, 19, '13:21:00', '18:55:00', NULL, NULL, '2020-02-09', '2020-02-09 13:27:08', '2020-02-09 13:27:08'),
(168, 1, '16:45:00', '19:47:00', NULL, NULL, '2020-02-09', '2020-02-09 13:47:53', '2020-02-09 13:47:53'),
(169, 6, '09:40:00', '20:27:00', NULL, NULL, '2020-02-10', '2020-02-10 03:49:49', '2020-02-10 03:49:49'),
(170, 17, '09:53:00', '19:05:00', NULL, NULL, '2020-02-10', '2020-02-10 04:26:58', '2020-02-10 04:26:58'),
(171, 3, '09:58:00', '19:00:00', NULL, NULL, '2020-02-10', '2020-02-10 04:35:42', '2020-02-10 04:35:42'),
(172, 13, '10:00:00', '19:01:00', NULL, NULL, '2020-02-10', '2020-02-10 04:36:05', '2020-02-10 04:36:05'),
(173, 11, '09:59:00', '19:37:00', NULL, NULL, '2020-02-10', '2020-02-10 04:38:08', '2020-02-10 04:38:08'),
(174, 15, '10:01:00', '19:37:00', NULL, NULL, '2020-02-10', '2020-02-10 04:38:19', '2020-02-10 04:38:19'),
(175, 4, '10:05:00', '19:30:00', NULL, NULL, '2020-02-10', '2020-02-10 04:38:25', '2020-02-10 04:38:25'),
(176, 10, '10:05:00', '19:36:00', NULL, NULL, '2020-02-10', '2020-02-10 04:39:33', '2020-02-10 04:39:33'),
(177, 7, '10:20:00', '19:36:00', NULL, NULL, '2020-02-10', '2020-02-10 04:39:46', '2020-02-10 04:39:46'),
(178, 21, NULL, NULL, NULL, 1, '2020-02-08', '2020-02-10 06:38:52', '2020-02-10 06:38:52'),
(179, 21, NULL, NULL, NULL, 1, '2020-02-09', '2020-02-10 06:39:44', '2020-02-10 06:39:44'),
(180, 26, NULL, NULL, NULL, 1, '2020-02-10', '2020-02-10 06:40:00', '2020-02-10 06:40:00'),
(181, 11, NULL, NULL, 'sick', 1, '2020-02-09', '2020-02-10 06:40:55', '2020-02-10 06:40:55'),
(182, 10, NULL, NULL, NULL, 1, '2020-02-08', '2020-02-10 06:42:38', '2020-02-10 06:42:38'),
(183, 12, NULL, NULL, NULL, 1, '2020-02-10', '2020-02-10 06:43:11', '2020-02-10 06:43:11'),
(184, 13, NULL, NULL, NULL, 1, '2020-02-08', '2020-02-10 06:43:53', '2020-02-10 06:43:53'),
(185, 26, '09:50:00', '18:30:00', NULL, NULL, '2020-02-08', '2020-02-10 06:47:23', '2020-02-10 06:47:23'),
(186, 21, '14:40:00', '17:00:00', NULL, NULL, '2020-02-10', '2020-02-10 08:59:37', '2020-02-10 08:59:37'),
(187, 20, '14:40:00', '18:30:00', NULL, NULL, '2020-02-10', '2020-02-10 08:59:48', '2020-02-10 08:59:48'),
(188, 19, '14:40:00', '18:30:00', NULL, NULL, '2020-02-10', '2020-02-10 08:59:57', '2020-02-10 08:59:57'),
(189, 1, '13:00:00', '20:27:00', NULL, NULL, '2020-02-10', '2020-02-10 09:00:33', '2020-02-10 09:00:33'),
(190, 5, NULL, NULL, NULL, 1, '2020-02-10', '2020-02-10 13:02:36', '2020-02-10 13:02:36'),
(195, 2, '15:00:00', '21:00:00', NULL, NULL, '2020-02-10', '2020-02-10 13:38:54', '2020-02-10 13:38:54'),
(196, 4, '09:48:00', '19:20:00', NULL, NULL, '2020-02-11', '2020-02-11 03:51:03', '2020-02-11 03:51:03'),
(197, 6, '09:52:00', '20:00:00', NULL, NULL, '2020-02-11', '2020-02-11 03:52:31', '2020-02-11 03:52:31'),
(198, 7, '09:52:00', '20:00:00', NULL, NULL, '2020-02-11', '2020-02-11 03:52:37', '2020-02-11 03:52:37'),
(199, 5, '09:48:00', '18:01:00', NULL, NULL, '2020-02-11', '2020-02-11 03:52:55', '2020-02-11 03:52:55'),
(200, 17, '09:55:00', '19:19:00', NULL, NULL, '2020-02-11', '2020-02-11 03:55:41', '2020-02-11 03:55:41'),
(201, 13, '09:55:00', '19:00:00', NULL, NULL, '2020-02-11', '2020-02-11 03:55:51', '2020-02-11 03:55:51'),
(202, 3, '10:00:00', '19:26:00', NULL, NULL, '2020-02-11', '2020-02-11 04:06:09', '2020-02-11 04:06:09'),
(203, 11, '10:00:00', '19:20:00', NULL, NULL, '2020-02-11', '2020-02-11 04:06:21', '2020-02-11 04:06:21'),
(204, 15, '10:03:00', '19:20:00', NULL, NULL, '2020-02-11', '2020-02-11 04:06:53', '2020-02-11 04:06:53'),
(205, 10, '10:07:00', '19:26:00', NULL, NULL, '2020-02-11', '2020-02-11 04:08:23', '2020-02-11 04:08:23'),
(206, 12, '10:16:00', '19:19:00', NULL, NULL, '2020-02-11', '2020-02-11 04:17:10', '2020-02-11 04:17:10'),
(207, 19, NULL, NULL, NULL, 1, '2020-02-11', '2020-02-11 12:58:31', '2020-02-11 12:58:31'),
(208, 20, NULL, NULL, NULL, 1, '2020-02-11', '2020-02-11 12:58:39', '2020-02-11 12:58:39'),
(209, 21, NULL, NULL, NULL, 1, '2020-02-11', '2020-02-11 12:58:47', '2020-02-11 12:58:47'),
(210, 26, NULL, NULL, NULL, 1, '2020-02-11', '2020-02-11 12:58:54', '2020-02-11 12:58:54'),
(212, 1, NULL, NULL, NULL, 1, '2020-02-11', '2020-02-11 13:01:27', '2020-02-11 13:01:27'),
(213, 2, '14:05:00', '20:40:00', NULL, NULL, '2020-02-11', '2020-02-11 13:24:09', '2020-02-11 13:24:09'),
(214, 4, '09:50:00', '18:13:00', NULL, NULL, '2020-02-12', '2020-02-12 03:56:16', '2020-02-12 03:56:16'),
(215, 11, '09:52:00', '19:02:00', NULL, NULL, '2020-02-12', '2020-02-12 03:56:30', '2020-02-12 03:56:30'),
(216, 17, '09:51:00', '19:02:00', NULL, NULL, '2020-02-12', '2020-02-12 03:56:44', '2020-02-12 03:56:44'),
(217, 6, '09:50:00', '19:50:00', NULL, NULL, '2020-02-12', '2020-02-12 03:56:52', '2020-02-12 03:56:52'),
(218, 5, '09:50:00', '18:00:00', NULL, NULL, '2020-02-12', '2020-02-12 03:57:40', '2020-02-12 03:57:40'),
(219, 7, '09:57:00', '19:30:00', NULL, NULL, '2020-02-12', '2020-02-12 03:57:47', '2020-02-12 03:57:47'),
(220, 13, '09:57:00', '20:00:00', NULL, NULL, '2020-02-12', '2020-02-12 03:58:26', '2020-02-12 03:58:26'),
(221, 3, '09:58:00', '19:02:00', NULL, NULL, '2020-02-12', '2020-02-12 03:58:31', '2020-02-12 03:58:31'),
(222, 12, '09:58:00', '18:18:00', NULL, NULL, '2020-02-12', '2020-02-12 03:58:51', '2020-02-12 03:58:51'),
(223, 10, '10:07:00', '17:55:00', NULL, NULL, '2020-02-12', '2020-02-12 04:33:04', '2020-02-12 04:33:04'),
(224, 1, '10:50:00', '19:30:00', NULL, NULL, '2020-02-12', '2020-02-12 04:50:41', '2020-02-12 04:50:41'),
(225, 2, '17:50:00', '19:30:00', NULL, NULL, '2020-02-12', '2020-02-12 12:15:55', '2020-02-12 12:15:55'),
(226, 19, NULL, NULL, NULL, 1, '2020-02-12', '2020-02-12 12:16:14', '2020-02-12 12:16:14'),
(227, 20, NULL, NULL, NULL, 1, '2020-02-12', '2020-02-12 12:16:40', '2020-02-12 12:16:40'),
(228, 21, NULL, NULL, NULL, 1, '2020-02-12', '2020-02-12 12:16:57', '2020-02-12 12:16:57'),
(229, 26, NULL, NULL, NULL, 1, '2020-02-12', '2020-02-12 12:17:04', '2020-02-12 12:17:04'),
(230, 15, '10:00:00', '19:03:00', NULL, NULL, '2020-02-12', '2020-02-12 14:03:44', '2020-02-12 14:03:44'),
(231, 19, '09:38:00', NULL, NULL, NULL, '2020-02-13', '2020-02-13 03:54:31', '2020-02-13 03:54:31'),
(232, 7, '09:53:00', '15:00:00', NULL, NULL, '2020-02-13', '2020-02-13 03:54:39', '2020-02-13 03:54:39'),
(233, 11, '09:54:00', NULL, NULL, NULL, '2020-02-13', '2020-02-13 03:54:46', '2020-02-13 03:54:46'),
(234, 5, '09:55:00', NULL, NULL, NULL, '2020-02-13', '2020-02-13 03:56:00', '2020-02-13 03:56:00'),
(235, 3, '09:56:00', NULL, NULL, NULL, '2020-02-13', '2020-02-13 03:56:48', '2020-02-13 03:56:48'),
(236, 12, '09:56:00', NULL, NULL, NULL, '2020-02-13', '2020-02-13 03:57:00', '2020-02-13 03:57:00'),
(237, 17, '09:57:00', NULL, NULL, NULL, '2020-02-13', '2020-02-13 03:57:07', '2020-02-13 03:57:07'),
(238, 4, '09:57:00', NULL, NULL, NULL, '2020-02-13', '2020-02-13 03:57:25', '2020-02-13 03:57:25'),
(239, 10, '10:07:00', NULL, NULL, NULL, '2020-02-13', '2020-02-13 04:25:05', '2020-02-13 04:25:05'),
(240, 13, '10:00:00', NULL, NULL, NULL, '2020-02-13', '2020-02-13 04:25:24', '2020-02-13 04:25:24'),
(241, 6, '10:46:00', NULL, NULL, NULL, '2020-02-13', '2020-02-13 04:46:48', '2020-02-13 04:46:48'),
(242, 1, '10:58:00', NULL, NULL, NULL, '2020-02-13', '2020-02-13 04:58:15', '2020-02-13 04:58:15'),
(243, 20, '10:58:00', NULL, NULL, NULL, '2020-02-13', '2020-02-13 04:58:22', '2020-02-13 04:58:22'),
(244, 2, '13:50:00', NULL, NULL, NULL, '2020-02-13', '2020-02-13 09:43:59', '2020-02-13 09:43:59'),
(245, 21, NULL, NULL, NULL, 1, '2020-02-13', '2020-02-13 09:44:32', '2020-02-13 09:44:32'),
(246, 26, NULL, NULL, NULL, 1, '2020-02-13', '2020-02-13 09:44:47', '2020-02-13 09:44:47'),
(247, 15, '10:05:00', NULL, NULL, NULL, '2020-02-13', '2020-02-13 10:01:27', '2020-02-13 10:01:27');

-- --------------------------------------------------------

--
-- Table structure for table `costs`
--

CREATE TABLE `costs` (
  `id` bigint(20) UNSIGNED NOT NULL,
  `cost` int(11) DEFAULT NULL,
  `created_at` timestamp NULL DEFAULT current_timestamp(),
  `updated_at` timestamp NULL DEFAULT current_timestamp()
) ENGINE=InnoDB DEFAULT CHARSET=utf8mb4 COLLATE=utf8mb4_unicode_ci;

--
-- Dumping data for table `costs`
--

INSERT INTO `costs` (`id`, `cost`, `created_at`, `updated_at`) VALUES
(1, 848, '2020-02-02 04:26:05', '2020-02-02 04:26:05'),
(2, 800, '2020-02-03 05:09:45', '2020-02-03 05:09:45'),
(3, 620, '2020-02-04 14:04:11', '2020-02-04 14:04:11'),
(4, 1455, '2020-02-06 09:00:31', '2020-02-06 09:00:31'),
(5, 550, '2020-02-05 09:35:45', '2020-02-05 09:35:45'),
(6, 500, '2020-02-07 10:13:28', '2020-02-07 10:13:28'),
(7, 883, '2020-02-08 06:16:19', '2020-02-08 06:16:19'),
(8, 660, '2020-02-08 16:45:34', '2020-02-08 16:45:34'),
(9, 718, '2020-02-10 06:29:38', '2020-02-10 06:29:38'),
(10, 505, '2020-02-11 13:03:34', '2020-02-11 13:03:34'),
(11, 100, '2020-02-11 13:06:38', '2020-02-11 13:06:38'),
(12, 865, '2020-02-12 05:20:57', '2020-02-12 05:20:57'),
(13, 735, '2020-02-13 06:06:15', '2020-02-13 06:06:15');

-- --------------------------------------------------------

--
-- Table structure for table `employees`
--

CREATE TABLE `employees` (
  `id` bigint(20) UNSIGNED NOT NULL,
  `name` varchar(255) COLLATE utf8mb4_unicode_ci NOT NULL,
  `number` varchar(11) COLLATE utf8mb4_unicode_ci NOT NULL,
  `number2` varchar(100) COLLATE utf8mb4_unicode_ci DEFAULT NULL,
  `family_number` varchar(100) COLLATE utf8mb4_unicode_ci NOT NULL,
  `blood_group` varchar(100) COLLATE utf8mb4_unicode_ci NOT NULL,
  `last_blood_donation_date` date DEFAULT NULL,
  `address` varchar(255) COLLATE utf8mb4_unicode_ci NOT NULL,
  `permanent_address` varchar(255) COLLATE utf8mb4_unicode_ci NOT NULL,
  `salary` int(100) DEFAULT NULL,
  `join_date` date NOT NULL,
  `category` varchar(100) COLLATE utf8mb4_unicode_ci DEFAULT NULL,
  `team` varchar(100) COLLATE utf8mb4_unicode_ci DEFAULT NULL,
  `status` int(10) DEFAULT NULL,
  `salary_status` date DEFAULT NULL,
  `brithday` date DEFAULT NULL,
  `created_at` timestamp NULL DEFAULT current_timestamp(),
  `updated_at` timestamp NULL DEFAULT current_timestamp(),
  `bonus` int(11) DEFAULT NULL
) ENGINE=InnoDB DEFAULT CHARSET=utf8mb4 COLLATE=utf8mb4_unicode_ci;

--
-- Dumping data for table `employees`
--

INSERT INTO `employees` (`id`, `name`, `number`, `number2`, `family_number`, `blood_group`, `last_blood_donation_date`, `address`, `permanent_address`, `salary`, `join_date`, `category`, `team`, `status`, `salary_status`, `brithday`, `created_at`, `updated_at`, `bonus`) VALUES
(1, 'Md Shakil Anwar', '01738362296', NULL, '01725444848', 'A+', NULL, 'Dhanmondi, Dhaka', 'Setabganj, Dinajpur', 16000, '0000-00-00', 'Part time', 'DRM', 1, '2020-01-31', '1998-09-09', '2019-12-19 07:50:33', '2019-12-19 07:50:33', 1000),
(2, 'Md Amin Hossain', '01930373139', NULL, '01880892920', '', NULL, '19/c Lake Circus Kalabagan, Dahka-1205', 'Sontoshpur, Faridgong, Chandpur', 16000, '2019-09-15', 'Part time', 'Efit', 1, '2020-01-31', '1995-04-01', '2019-12-19 07:51:23', '2019-12-19 07:51:23', 1000),
(3, 'Md Sojib Shovu', '01748920048', NULL, '01766316323', 'O+', NULL, 'Sulimullah road, Mohammodpur, Dhaka', 'Kasba, Brahmanbaria, Bnagladesh', 18000, '0000-00-00', 'Employee', 'Efit', 1, '2020-01-31', '1995-04-14', '2019-12-19 07:53:44', '2019-12-19 07:53:44', 1200),
(4, 'Md Zahid', '01516149667', NULL, '01630765770', 'O+', NULL, 'T/10,Nurjahan Road,Mohamadpur,Dhaka 1207', 'Saidupur,Sonargoan,Narayanganj', 10000, '0000-00-00', 'Employee', 'Beautyluxe', 1, '2020-01-31', '1995-02-04', '2019-12-19 07:54:39', '2019-12-19 07:54:39', 500),
(5, 'T.R. Shishir', '01772209079', NULL, '01716645170', 'O+', NULL, 'mohammadia housing society  house nmbr 275', 'Setabganj, Dinajpur ', 5000, '0000-00-00', 'Part time', 'Pager', 1, '2020-01-31', '1996-02-09', '2019-12-19 07:56:07', '2019-12-19 07:56:07', 500),
(6, 'Tushar Saha', '01630657507', NULL, '01630657507', 'B+', NULL, 'Raja Bajar, Aomtola, Farmgate, Dhaka', 'Saha Para,South Laksam, Cumilla.', 10000, '2019-12-18', 'Employee', 'DRM', 1, '2020-01-31', '1997-07-15', '2019-12-19 08:03:02', '2019-12-19 08:03:02', 3500),
(7, 'Md Akib', '01687922145', NULL, '01825420722', 'O+', NULL, 'Sector 10, Road 10, House 20 Uttora', 'Sector 10, Road 10, House 20 Uttora', 18000, '2019-12-18', 'Employee', 'DRM', 1, '2020-01-31', '1997-03-28', '2019-12-19 08:07:26', '2019-12-19 08:07:26', 3400),
(8, 'S M Shahadat Hossain', '01812885833', NULL, '01820164729', 'A+', NULL, '32/Indira Road, Farmgate, Dhaka', 'Shahidnagar, Daudkandi, Comilla', 15000, '0000-00-00', 'Employee', NULL, 0, NULL, NULL, '2019-12-22 11:23:19', '2019-12-22 11:23:19', 0),
(9, 'Md Foysal', '01832970361', NULL, '01851874068', '', NULL, 'T/10, Nurjahan Road, Mohammodpur, Dhaka', 'SyedPur, Chauddagram, Comilla', 5000, '2019-12-25', 'Employee', NULL, 0, NULL, NULL, '2019-12-22 12:08:41', '2019-12-22 12:08:41', 0),
(10, 'Din Mohammad', '01689852569', NULL, '01727529661', 'O+', NULL, 'house1/1,Road3, Lutfor Rahaman Lan, Adabor', 'Chirapara,Porsaturig, Kawkhali, Borisal', 8000, '2019-12-24', 'Employee', 'DRM', 1, '2020-01-31', '1996-10-04', '2019-12-26 20:09:40', '2019-12-26 20:09:40', 1333),
(11, 'Md Nayem', '01737268620', NULL, '01912848301', 'A+', NULL, 'Road 15, House-12, Block-a, Mirpur-11,Dhaka', 'Talora, Dupchancia,Bogra', 13000, '2019-12-28', 'Employee', NULL, 1, '2020-01-31', '1993-06-08', '2019-12-28 04:27:17', '2019-12-28 04:27:17', 433),
(12, 'Md. Raisul Islam', '01797156709', NULL, '01731265925', 'A+', NULL, 'West Shewrapara,Mirpur,Dhaka', 'Marjal,Narsingdi', NULL, '2019-12-29', 'Intern', 'Pager', 1, NULL, '1996-09-04', '2019-12-28 04:48:43', '2019-12-28 04:48:43', 0),
(13, 'Abdulla', '01676360655', NULL, '01779246696', 'B+', NULL, 'Ring Road 1, Shyamoli, Dhaka', 'Meherchandi, Padma Abasik, Boalia, Rajshahi', 5000, '2019-12-28', 'Employee', 'DRM', 1, '2020-01-31', '1995-10-11', '2019-12-28 04:49:41', '2019-12-28 04:49:41', 1000),
(14, 'Md Shimul', '01746894046', NULL, '01719516798', 'O+', NULL, 'House12/15, Road 1, Kallyanpur', 'Handiyal, Chatmohar, Pabna', 5000, '0000-00-00', 'Employee', 'DRM', 0, '2020-01-31', NULL, '2019-12-30 14:02:25', '2019-12-30 14:02:25', 0),
(15, 'Md Mahabub', '01789881913', NULL, '01762704507', 'B+', NULL, 'kadarabad-housing,Road:02/19, Mohammodpur', 'Kurigram,Rongpur', 18000, '2020-01-01', 'Employee', NULL, 1, '2020-01-31', '1997-07-15', '2020-01-01 10:29:38', '2020-01-01 10:29:38', 500),
(16, 'Md Sohel Rana', '01861681171', NULL, '01884721403', '', NULL, 'Shyamoli, Road#1,Dhaka,Bamgladesh', 'Muradnagar,Chandina, Comilla, Bangladesh', 5000, '2019-11-01', 'Employee', 'Beautyluxe', 1, '2020-01-31', '1995-01-01', '2020-01-01 10:50:23', '2020-01-01 10:50:23', 0),
(17, 'Md Shakib', '01858773215', NULL, '01782213546', 'B+', NULL, '15/A, Subahanbag, Dhanmondi, Dhaka', 'Somairpar,Paisharhat,agaiishara, Barishal', 20000, '2020-01-01', 'Employee', 'Archimple', 1, '2020-01-31', '1996-09-05', '2020-01-01 14:41:53', '2020-01-01 14:41:53', 1300),
(18, 'Abdullah Al Mamun', '01914337606', NULL, '01515260676', 'O+', NULL, 'East Bamoil, Demra ,Dhaka', '', 9200, '2020-01-02', 'Employee', NULL, 0, '2020-01-29', NULL, '2020-01-02 05:29:24', '2020-01-02 05:29:24', 0),
(19, 'Biddut Bhowmik', '01515213494', '01859445659', '01845105149', 'B+', NULL, '97/a Indhira Road, Dhaka-1207', 'Nagarpar,Companigonj,Muradnagar, Comilla,Bangladesh', NULL, '2020-01-01', 'Intern', NULL, 1, NULL, '1996-09-15', '2020-01-02 06:16:52', '2020-01-02 06:16:52', 0),
(20, 'Bappi Saha', '01726257333', NULL, '01784059027', 'O+', NULL, '30/4, Shyamoli, Dahaka', '105/1,Mahimaganj, Gobindaganj, Gaibandha', NULL, '2020-01-01', 'Intern', 'Efit', 1, NULL, '1996-08-19', '2020-01-02 06:31:20', '2020-01-02 06:31:20', 0),
(21, 'Badhon Sarkar', '01761374611', '01521462494', '01773347745', 'AB+', NULL, '3A/13 Salimulla Road, Mohammadpur, Dhaka', 'Tarponghat, Nawabgonj, Dinajpur', NULL, '2020-01-01', 'Intern', 'DRM', 1, NULL, '1996-03-23', '2020-01-02 06:35:28', '2020-01-02 06:35:28', 0),
(22, 'Hadaitul Islam Toha', '01521111785', NULL, '01723074611', 'A+', NULL, '56/5, Road 11, Kallyanpur, Dhaka', '8/1,Road 1, Masterpara, Rangpur, Bangladesh', NULL, '2020-01-02', 'Intern', NULL, 0, NULL, NULL, '2020-01-02 06:43:42', '2020-01-02 06:43:42', 0),
(23, 'Mahamud Shakil', '01988428738', NULL, '01732199802', 'O+', NULL, 'Shukrabad,dhanmondi', 'Adda bazaar,Barura,Cumilla', 5000, '2020-01-06', 'Employee', NULL, 0, NULL, NULL, '2020-01-06 04:40:36', '2020-01-06 04:40:36', 0),
(24, 'Md Apple Sarkar', '01942943461', NULL, '01766989329', 'O+', NULL, 'West Shewrapara Mirpur -10', 'Saidpur, Nilphamari', NULL, '2020-01-18', 'Employee', NULL, 0, NULL, NULL, '2020-01-18 05:39:49', '2020-01-18 05:39:49', 0),
(26, 'Nazmul Huda', '01748773453', NULL, '01715564111', 'O+', NULL, 'G1 Block, Mirpur 2', 'Chapai Nawabganj', NULL, '2020-02-08', NULL, NULL, 1, NULL, '1996-11-20', '2020-02-09 04:32:13', '2020-02-09 04:32:13', NULL);

-- --------------------------------------------------------

--
-- Table structure for table `employees_category`
--

CREATE TABLE `employees_category` (
  `id` int(11) NOT NULL,
  `title` varchar(200) DEFAULT NULL,
  `created_at` timestamp NULL DEFAULT current_timestamp(),
  `updated_at` timestamp NULL DEFAULT current_timestamp()
) ENGINE=InnoDB DEFAULT CHARSET=utf8mb4;

--
-- Dumping data for table `employees_category`
--

INSERT INTO `employees_category` (`id`, `title`, `created_at`, `updated_at`) VALUES
(1, 'Employee', '2020-01-07 17:01:58', '2020-01-07 17:01:58'),
(2, 'Intern', '2020-01-07 17:02:00', '2020-01-07 17:02:00'),
(3, 'Part time', '2020-01-30 13:24:52', '2020-01-30 13:24:52');

-- --------------------------------------------------------

--
-- Table structure for table `failed_jobs`
--

CREATE TABLE `failed_jobs` (
  `id` bigint(20) UNSIGNED NOT NULL,
  `connection` text COLLATE utf8mb4_unicode_ci NOT NULL,
  `queue` text COLLATE utf8mb4_unicode_ci NOT NULL,
  `payload` longtext COLLATE utf8mb4_unicode_ci NOT NULL,
  `exception` longtext COLLATE utf8mb4_unicode_ci NOT NULL,
  `failed_at` timestamp NOT NULL DEFAULT current_timestamp()
) ENGINE=InnoDB DEFAULT CHARSET=utf8mb4 COLLATE=utf8mb4_unicode_ci;

-- --------------------------------------------------------

--
-- Table structure for table `fine`
--

CREATE TABLE `fine` (
  `id` int(10) NOT NULL,
  `fine_title` varchar(150) NOT NULL,
  `fine_taka` int(5) NOT NULL,
  `created_at` timestamp NOT NULL DEFAULT current_timestamp(),
  `updated_at` timestamp NOT NULL DEFAULT current_timestamp()
) ENGINE=InnoDB DEFAULT CHARSET=utf8mb4;

--
-- Dumping data for table `fine`
--

INSERT INTO `fine` (`id`, `fine_title`, `fine_taka`, `created_at`, `updated_at`) VALUES
(1, 'Late', 200, '2020-01-29 17:46:34', '2020-01-29 17:46:34'),
(2, 'One Day', 400, '2020-01-29 17:46:34', '2020-01-29 17:46:34');

-- --------------------------------------------------------

--
-- Table structure for table `fine_title`
--

CREATE TABLE `fine_title` (
  `id` int(10) NOT NULL,
  `title` varchar(150) NOT NULL,
  `created_at` timestamp NOT NULL DEFAULT current_timestamp(),
  `updated_at` timestamp NOT NULL DEFAULT current_timestamp()
) ENGINE=InnoDB DEFAULT CHARSET=utf8mb4;

--
-- Dumping data for table `fine_title`
--

INSERT INTO `fine_title` (`id`, `title`, `created_at`, `updated_at`) VALUES
(1, 'One Day', '0000-00-00 00:00:00', '0000-00-00 00:00:00'),
(2, 'Late', '0000-00-00 00:00:00', '0000-00-00 00:00:00');

-- --------------------------------------------------------

--
-- Table structure for table `member`
--

CREATE TABLE `member` (
  `id` int(10) UNSIGNED NOT NULL,
  `name` varchar(255) COLLATE utf8mb4_unicode_ci NOT NULL,
  `created_at` timestamp NULL DEFAULT current_timestamp(),
  `updated_at` timestamp NULL DEFAULT current_timestamp()
) ENGINE=InnoDB DEFAULT CHARSET=utf8mb4 COLLATE=utf8mb4_unicode_ci;

--
-- Dumping data for table `member`
--

INSERT INTO `member` (`id`, `name`, `created_at`, `updated_at`) VALUES
(1, 'Md Moniruzzaman Sojol', '2019-12-12 11:23:26', '2019-12-12 11:23:26'),
(2, 'Sarowar', '2020-01-01 07:20:24', '2020-01-01 07:20:24');

-- --------------------------------------------------------

--
-- Table structure for table `members`
--

CREATE TABLE `members` (
  `id` int(50) NOT NULL,
  `name` varchar(100) NOT NULL,
  `created_at` timestamp NULL DEFAULT current_timestamp(),
  `updated_at` timestamp NOT NULL DEFAULT current_timestamp()
) ENGINE=MyISAM DEFAULT CHARSET=latin1;

--
-- Dumping data for table `members`
--

INSERT INTO `members` (`id`, `name`, `created_at`, `updated_at`) VALUES
(1, 'Amin Hossain', '2020-02-08 09:44:26', '2020-02-08 09:44:26'),
(2, 'Shakil Anwar', '2020-02-09 11:11:17', '2020-02-09 11:11:17'),
(3, 'Md Sajib Shovu', '2020-02-10 08:20:04', '2020-02-10 08:20:04'),
(4, 'Md Zahid', '2020-02-10 08:20:19', '2020-02-10 08:20:19'),
(5, 'T.R. Shishir', '2020-02-10 08:20:28', '2020-02-10 08:20:28'),
(6, 'Tushar Saha', '2020-02-10 08:20:58', '2020-02-10 08:20:58'),
(7, 'Md Akib', '2020-02-10 08:21:11', '2020-02-10 08:21:11'),
(8, 'Din Mohammad', '2020-02-10 08:21:20', '2020-02-10 08:21:20'),
(9, 'Md Nayem', '2020-02-10 08:21:30', '2020-02-10 08:21:30'),
(10, 'Md. Raisul Islam', '2020-02-10 08:21:43', '2020-02-10 08:21:43'),
(11, 'Abdulla', '2020-02-10 08:22:47', '2020-02-10 08:22:47'),
(12, 'Md Mahabub', '2020-02-10 08:23:11', '2020-02-10 08:23:11'),
(13, 'Md Sohel Rana', '2020-02-10 08:23:33', '2020-02-10 08:23:33'),
(14, 'Md Shakib', '2020-02-10 08:23:42', '2020-02-10 08:23:42'),
(15, 'Biddut Bhowmik', '2020-02-10 08:23:54', '2020-02-10 08:23:54'),
(16, 'Bappi Saha', '2020-02-10 08:24:05', '2020-02-10 08:24:05'),
(17, 'Badhon Sarkar', '2020-02-10 08:24:20', '2020-02-10 08:24:20'),
(18, 'Nazmul Huda', '2020-02-10 08:24:30', '2020-02-10 08:24:30');

-- --------------------------------------------------------

--
-- Table structure for table `member_meals`
--

CREATE TABLE `member_meals` (
  `id` bigint(20) UNSIGNED NOT NULL,
  `member_id` int(11) NOT NULL,
  `meal` int(11) DEFAULT NULL,
  `taka` int(100) DEFAULT NULL,
  `type` varchar(100) COLLATE utf8mb4_unicode_ci NOT NULL,
  `created_at` timestamp NULL DEFAULT current_timestamp(),
  `updated_at` timestamp NULL DEFAULT current_timestamp()
) ENGINE=InnoDB DEFAULT CHARSET=utf8mb4 COLLATE=utf8mb4_unicode_ci;

--
-- Dumping data for table `member_meals`
--

INSERT INTO `member_meals` (`id`, `member_id`, `meal`, `taka`, `type`, `created_at`, `updated_at`) VALUES
(1, 1, NULL, 1500, 'taka', '2020-01-31 18:35:27', '2020-01-31 18:35:27'),
(3, 2, 4, NULL, 'meal', '2020-02-02 04:26:31', '2020-02-02 04:26:31'),
(4, 1, 20, NULL, 'meal', '2020-02-02 04:26:47', '2020-02-02 04:26:47'),
(5, 1, NULL, 1000, 'taka', '2020-02-02 10:21:07', '2020-02-02 10:21:07'),
(6, 1, NULL, 500, 'taka', '2020-02-03 05:07:06', '2020-02-03 05:07:06'),
(7, 1, 20, NULL, 'meal', '2020-02-03 05:07:53', '2020-02-03 05:07:53'),
(8, 2, 4, NULL, 'meal', '2020-02-03 05:07:59', '2020-02-03 05:07:59'),
(9, 1, NULL, 2000, 'taka', '2020-02-04 14:04:28', '2020-02-04 14:04:28'),
(10, 1, 17, NULL, 'meal', '2020-02-04 14:06:04', '2020-02-04 14:06:04'),
(11, 2, 4, NULL, 'meal', '2020-02-04 14:06:09', '2020-02-04 14:06:09'),
(12, 1, NULL, 500, 'taka', '2020-02-04 16:28:46', '2020-02-04 16:28:46'),
(13, 1, 17, NULL, 'meal', '2020-02-04 16:29:12', '2020-02-04 16:29:12'),
(14, 2, 4, NULL, 'meal', '2020-02-04 16:29:16', '2020-02-04 16:29:16'),
(15, 1, NULL, 1000, 'taka', '2020-02-06 06:08:46', '2020-02-06 06:08:46'),
(16, 1, 18, NULL, 'meal', '2020-02-06 06:08:57', '2020-02-06 06:08:57'),
(17, 2, 4, NULL, 'meal', '2020-02-06 06:09:04', '2020-02-06 06:09:04'),
(18, 1, NULL, 1000, 'taka', '2020-02-06 08:58:35', '2020-02-06 08:58:35'),
(19, 1, NULL, 1000, 'taka', '2020-02-07 10:13:05', '2020-02-07 10:13:05'),
(20, 1, 18, NULL, 'meal', '2020-02-08 07:03:03', '2020-02-08 07:03:03'),
(21, 2, 4, NULL, 'meal', '2020-02-08 07:03:13', '2020-02-08 07:03:13'),
(22, 1, NULL, 2500, 'taka', '2020-02-08 16:43:07', '2020-02-08 16:43:07'),
(23, 1, 17, NULL, 'meal', '2020-02-08 16:43:59', '2020-02-08 16:43:59'),
(24, 2, 4, NULL, 'meal', '2020-02-08 16:44:04', '2020-02-08 16:44:04'),
(25, 1, NULL, 1000, 'taka', '2020-02-10 06:34:20', '2020-02-10 06:34:20'),
(26, 1, 17, NULL, 'meal', '2020-02-10 06:36:01', '2020-02-10 06:36:01'),
(27, 2, 4, NULL, 'meal', '2020-02-10 06:36:05', '2020-02-10 06:36:05'),
(28, 1, NULL, 1000, 'taka', '2020-02-11 13:26:51', '2020-02-11 13:26:51'),
(29, 1, 16, NULL, 'meal', '2020-02-11 13:27:12', '2020-02-11 13:27:12'),
(30, 2, 4, NULL, 'meal', '2020-02-11 13:27:16', '2020-02-11 13:27:16'),
(31, 1, NULL, 500, 'taka', '2020-02-11 16:45:44', '2020-02-11 16:45:44'),
(32, 2, NULL, 500, 'taka', '2020-02-11 16:45:52', '2020-02-11 16:45:52'),
(33, 1, 16, NULL, 'meal', '2020-02-11 16:46:04', '2020-02-11 16:46:04'),
(34, 2, 4, NULL, 'meal', '2020-02-11 16:46:10', '2020-02-11 16:46:10'),
(35, 1, NULL, 2000, 'taka', '2020-02-13 05:44:52', '2020-02-13 05:44:52'),
(36, 1, 18, NULL, 'meal', '2020-02-13 05:45:38', '2020-02-13 05:45:38'),
(37, 2, 4, NULL, 'meal', '2020-02-13 05:45:56', '2020-02-13 05:45:56');

-- --------------------------------------------------------

--
-- Table structure for table `migrations`
--

CREATE TABLE `migrations` (
  `id` int(10) UNSIGNED NOT NULL,
  `migration` varchar(255) COLLATE utf8mb4_unicode_ci NOT NULL,
  `batch` int(11) NOT NULL
) ENGINE=InnoDB DEFAULT CHARSET=utf8mb4 COLLATE=utf8mb4_unicode_ci;

--
-- Dumping data for table `migrations`
--

INSERT INTO `migrations` (`id`, `migration`, `batch`) VALUES
(1, '2014_10_12_000000_create_users_table', 1),
(2, '2014_10_12_100000_create_password_resets_table', 1),
(3, '2019_08_19_000000_create_failed_jobs_table', 1),
(4, '2019_11_08_122124_create_member_table', 1),
(5, '2019_11_08_140320_create_member_meals_table', 2),
(6, '2019_11_09_050834_create_costs_table', 3),
(7, '2019_12_19_071540_create_employee_table', 4),
(8, '2019_12_19_081104_create_attendance_table', 5);

-- --------------------------------------------------------

--
-- Table structure for table `others_costs`
--

CREATE TABLE `others_costs` (
  `id` int(10) NOT NULL,
  `others_costs` int(191) NOT NULL,
  `created_at` timestamp NOT NULL DEFAULT current_timestamp() ON UPDATE current_timestamp(),
  `updated_at` date DEFAULT current_timestamp()
) ENGINE=InnoDB DEFAULT CHARSET=utf8mb4;

--
-- Dumping data for table `others_costs`
--

INSERT INTO `others_costs` (`id`, `others_costs`, `created_at`, `updated_at`) VALUES
(1, 29000, '2020-02-07 18:18:36', '2020-02-08'),
(5, 150, '2020-02-10 16:18:11', '2020-02-11');

-- --------------------------------------------------------

--
-- Table structure for table `password_resets`
--

CREATE TABLE `password_resets` (
  `email` varchar(255) COLLATE utf8mb4_unicode_ci NOT NULL,
  `token` varchar(255) COLLATE utf8mb4_unicode_ci NOT NULL,
  `created_at` timestamp NULL DEFAULT NULL
) ENGINE=InnoDB DEFAULT CHARSET=utf8mb4 COLLATE=utf8mb4_unicode_ci;

-- --------------------------------------------------------

--
-- Table structure for table `projects`
--

CREATE TABLE `projects` (
  `id` int(11) NOT NULL,
  `project_name` varchar(100) NOT NULL,
  `leader` varchar(100) DEFAULT NULL,
  `created_at` timestamp NOT NULL DEFAULT current_timestamp() ON UPDATE current_timestamp(),
  `updated_at` timestamp NOT NULL DEFAULT current_timestamp()
) ENGINE=InnoDB DEFAULT CHARSET=utf8mb4;

--
-- Dumping data for table `projects`
--

INSERT INTO `projects` (`id`, `project_name`, `leader`, `created_at`, `updated_at`) VALUES
(1, 'DRM', 'Md Akib', '2020-02-08 11:47:53', '0000-00-00 00:00:00'),
(2, 'Efit', 'Md Amin Hossain', '2020-02-08 11:47:53', '0000-00-00 00:00:00'),
(3, 'Pager', 'T.R. Shishir', '2020-02-08 11:47:53', '0000-00-00 00:00:00'),
(4, 'Beautyluxe', 'Md Zahid', '2020-02-08 11:47:53', '0000-00-00 00:00:00'),
(5, 'Archimple', 'Md Shakib', '2020-02-08 11:47:53', '0000-00-00 00:00:00'),
(9, 'Android', 'Md Shakil Anwar', '2020-02-09 04:38:55', '2020-02-09 04:38:55');

-- --------------------------------------------------------

--
-- Table structure for table `project_member`
--

CREATE TABLE `project_member` (
  `id` int(11) NOT NULL,
  `projects_id` int(11) NOT NULL,
  `members_id` int(11) NOT NULL,
  `created_at` timestamp NOT NULL DEFAULT current_timestamp() ON UPDATE current_timestamp(),
  `updated_at` timestamp NOT NULL DEFAULT current_timestamp()
) ENGINE=MyISAM DEFAULT CHARSET=latin1;

--
-- Dumping data for table `project_member`
--

INSERT INTO `project_member` (`id`, `projects_id`, `members_id`, `created_at`, `updated_at`) VALUES
(1, 1, 7, '2020-02-10 09:12:09', '2020-02-10 09:12:09'),
(2, 1, 2, '2020-02-10 09:12:23', '2020-02-10 09:12:23'),
(3, 1, 6, '2020-02-10 09:12:39', '2020-02-10 09:12:39'),
(4, 1, 8, '2020-02-10 09:12:51', '2020-02-10 09:12:51'),
(5, 1, 11, '2020-02-10 09:13:05', '2020-02-10 09:13:05'),
(6, 1, 17, '2020-02-10 09:13:34', '2020-02-10 09:13:34'),
(7, 2, 1, '2020-02-10 09:16:03', '2020-02-10 09:16:03'),
(8, 2, 3, '2020-02-10 09:16:12', '2020-02-10 09:16:12'),
(9, 4, 4, '2020-02-10 09:16:23', '2020-02-10 09:16:23'),
(10, 5, 14, '2020-02-10 09:16:40', '2020-02-10 09:16:40'),
(11, 3, 5, '2020-02-10 09:16:53', '2020-02-10 09:16:53'),
(12, 3, 10, '2020-02-10 09:17:07', '2020-02-10 09:17:07'),
(13, 9, 18, '2020-02-10 09:17:50', '2020-02-10 09:17:50'),
(14, 9, 2, '2020-02-10 09:18:06', '2020-02-10 09:18:06'),
(15, 2, 16, '2020-02-10 09:18:39', '2020-02-10 09:18:39'),
(16, 2, 15, '2020-02-10 09:18:48', '2020-02-10 09:18:48'),
(17, 2, 9, '2020-02-10 09:19:00', '2020-02-10 09:19:00'),
(18, 2, 12, '2020-02-10 09:19:16', '2020-02-10 09:19:16'),
(19, 5, 12, '2020-02-10 09:23:05', '2020-02-10 09:23:05'),
(20, 5, 9, '2020-02-10 09:23:17', '2020-02-10 09:23:17');

-- --------------------------------------------------------

--
-- Table structure for table `snack_costs`
--

CREATE TABLE `snack_costs` (
  `id` int(5) NOT NULL,
  `snack_cost` int(5) NOT NULL,
  `created_at` timestamp NOT NULL DEFAULT current_timestamp(),
  `updated_at` timestamp NOT NULL DEFAULT current_timestamp()
) ENGINE=InnoDB DEFAULT CHARSET=utf8mb4;

--
-- Dumping data for table `snack_costs`
--

INSERT INTO `snack_costs` (`id`, `snack_cost`, `created_at`, `updated_at`) VALUES
(1, 1200, '2020-02-01 14:39:07', '2020-01-31 14:39:07'),
(2, 140, '2020-02-03 05:10:11', '2020-02-03 05:10:11'),
(3, 1200, '2020-02-04 14:04:43', '2020-02-04 14:04:43'),
(4, 5350, '2020-02-07 18:27:50', '2020-02-07 18:27:50'),
(5, 1310, '2020-02-08 16:44:25', '2020-02-08 16:44:25'),
(6, 200, '2020-02-10 06:29:45', '2020-02-10 06:29:45'),
(7, 35, '2020-02-10 16:17:57', '2020-02-10 16:17:57'),
(9, 125, '2020-02-12 04:34:46', '2020-02-12 04:34:46'),
(10, 150, '2020-02-13 06:06:35', '2020-02-13 06:06:35');

-- --------------------------------------------------------

--
-- Table structure for table `users`
--

CREATE TABLE `users` (
  `id` bigint(20) UNSIGNED NOT NULL,
  `name` varchar(255) COLLATE utf8mb4_unicode_ci NOT NULL,
  `email` varchar(255) COLLATE utf8mb4_unicode_ci NOT NULL,
  `email_verified_at` timestamp NULL DEFAULT NULL,
  `password` varchar(255) COLLATE utf8mb4_unicode_ci NOT NULL,
  `remember_token` varchar(100) COLLATE utf8mb4_unicode_ci DEFAULT NULL,
  `created_at` timestamp NULL DEFAULT NULL,
  `updated_at` timestamp NULL DEFAULT NULL
) ENGINE=InnoDB DEFAULT CHARSET=utf8mb4 COLLATE=utf8mb4_unicode_ci;

--
-- Dumping data for table `users`
--

INSERT INTO `users` (`id`, `name`, `email`, `email_verified_at`, `password`, `remember_token`, `created_at`, `updated_at`) VALUES
(1, 'Admin', 'admin@gmail.com', NULL, '$2y$10$J1oNZOpLyYac7rlLScS5PeczwOBqZKayroTzX3QyXJx83EWiUN76u', 'vFhgcfp2Lugo8tg9sRwha7oXfQhu74KtKYheEwWrJ4AuWMNcIbtGeSRcjlCP', '2020-02-01 03:17:12', '2020-02-01 03:17:12'),
(2, 'Sohel', 'sohel@cms.com', NULL, '$2y$10$yoVqnIRnCzo/upyZxBXU/OA0hFS3lafKCjJ5S3lEDzS3.K7/RHXie', 'gYxxTlgzbHbWItv47It6py3HdVN27TrGLvQbwRLNWaDMQt4HYdpvdG4xAlX8', '2020-02-02 09:25:56', '2020-02-02 09:25:56'),
(3, 'Amin', 'amin@cms.com', NULL, '$2y$10$scqnEGSIB2iucIbZVBxCZeCigxWaNcERefoYqS7jbsl6OUMsIiUyC', 'FDMXyNlMYsQGIiBYGjYfFfIwCD068Kp9rIEZlUjVZbkmsONHvcN1mpmJzUmW', '2020-02-02 09:34:04', '2020-02-02 09:34:04'),
(4, 'Shakil', 'shakil@cms.com', NULL, '$2y$10$KncZvxQ5eX1k2thH.AnNfO5AFt7bQB9R1OwdtAwMFA1HRoHuEUezC', 'dVD1H8sGzKFvp08PC73xHL9fiDt8y8AhHp4TKJ83E6HbLSaWtOQ8VFUrYRMW', '2020-02-02 09:45:36', '2020-02-02 09:45:36'),
(5, 'Sajib', 'sajib@cms.com', NULL, '$2y$10$wFCbR8mskiA6jZWF5I28MOLmZkOxMoiLEms5X7oaXPwx2RVHs7wT2', '8jNuPFW2QzJEFyRTPZsq13ln4so8OQnPlvUPHxq2MIHOMQEqyYoluewPjqyt', '2020-02-02 09:51:36', '2020-02-02 09:51:36'),
(6, 'Zahid', 'zahid@cms.com', NULL, '$2y$10$F/B1HnO/oaCIJWNjqRj9hO3CyM9nelBSw2R23gtt43FXEnPdRXsle', 'HRPfhyn9W74wWP2Xb61iCcyryct2V6E7BUpDSm8CcXr37QHj9z11s2EwCZIq', '2020-02-02 09:53:13', '2020-02-02 09:53:13'),
(7, 'Shishir', 'shishir@cms.com', NULL, '$2y$10$wkg9GdPlUeJiH2jwj/oRL.ZOKBh7RrabU1plggwcz2e7U9ZZZ7Gmq', 'ON4njK8PEHNvj3zXUCxbkPwaqHGUzw0wKJ9whNkOV0F8x9EDgsfydBn0UNSr', '2020-02-02 09:55:57', '2020-02-02 09:55:57'),
(8, 'Tushar', 'tushar@cms.com', NULL, '$2y$10$gvPDwXMId4xTdRvl.Qdk2OJ53vUOhtLC1DFPlIwx28e3omKL5K3Z2', 's8cE3kdNHgLKZsOzc2JIkdAp7rlq3x1kFlZUAUlvtyB2K03OQni3Y3t38Riq', '2020-02-02 09:57:19', '2020-02-02 09:57:19'),
(9, 'Akib', 'akib@cms.com', NULL, '$2y$10$9gBrlWvoxw.mT/RXX6q.yuU/qaX6Gyw8S8awgmXLVDV/Nmvvl9kk2', 'ipYW6bbjuEt56zAuQCXqDOGuGjeztH5CVZYL9yFWSqvxifiXGAf1u077qDY0', '2020-02-02 09:59:54', '2020-02-02 09:59:54'),
(10, 'Akash', 'akash@cms.com', NULL, '$2y$10$r87nnnY.tH4rQ4dE99.Rr.y4fOd/hgnnmLnUBw3zD.tw5DxLl1lOS', 'r3wmz8Bg5eVjI3ssiJdH10QK1NjipXqGDPqnyQtT3nVoxlaD4dHn5UnIvcXp', '2020-02-02 10:01:25', '2020-02-02 10:01:25'),
(11, 'Nayem', 'nayem@cms.com', NULL, '$2y$10$dUaixTOnh1bB1rskr6Vh/ezvkbJXve.sTL96bveF8ghHZT34W7TvW', 'VfJ3yx7Rppl46kwwLdkSj0vLaz9d3czFgzi4yk9u3Zitiv2uTEAAo54SS53k', '2020-02-02 10:03:04', '2020-02-02 10:03:04'),
(12, 'Raisul', 'raisul@cms.com', NULL, '$2y$10$IxPRrsrLSn7Hjwur5gwxRu53k0.emDRjCodhlUUD8hZl5f63hAPty', 'HHz8C0MmY5xEF6v4HR2M070nzxMBVKNizZd5rs11W5ynTEfXSIVZYXQSlgf9', '2020-02-02 10:07:05', '2020-02-02 10:07:05'),
(13, 'Abdulla', 'abdulla@cms.com', NULL, '$2y$10$uTh3D9xzyU1ai3pbKxbliue0bbhiFRM5k1sZP5Ungdq.vHDpGLla2', 'wl7t72HqvBcPM34wlYABJAXToLoiTSsqZaEJmiATshbt50Cn1D5fSJBgQzt3', '2020-02-02 10:08:59', '2020-02-02 10:08:59'),
(14, 'Shimol', 'shimol@cms.com', NULL, '$2y$10$LMkIE/C9YpmG/yxEMXOBwOTfYPYDoR8sjEHYs/6xDPLUvqfy0T.vO', 'GgXjkP8pVmT3cJCLtCn9XbhH48K1VvhxaA2e9PdSbRQS26wZJx1JedVwAma9', '2020-02-02 10:10:27', '2020-02-02 10:10:27'),
(15, 'Mahabub', 'mahabub@cms.com', NULL, '$2y$10$qMe4ofRo7ZuP4FvVdapUX.xyr1o5MnY9UtqX7xLYfZKboOn0/3xgS', 'KO6pmvjVZVD958Wowz96ksA9AMiSrNJr4tENdlawDXIjGMrRLmj6giXVcw23', '2020-02-02 10:13:02', '2020-02-02 10:13:02'),
(16, 'Shakib', 'shakib@cms.com', NULL, '$2y$10$p1FtHboh7PnmqTBqbYDDCuK6E7ebazSG0vgNqzhD/HUw1.A8DvdX6', 'd5gZrJ22rJZGrK7scSl0Rka5C92twqHd7iUEcxDBwWTs4QwVTUywRDXagLMH', '2020-02-02 10:14:53', '2020-02-02 10:14:53'),
(17, 'Biddut', 'biddut@cms.com', NULL, '$2y$10$YRjiNwQS969bpuiWFsk/cuy5SL2FJyoN6gvNVcMq1RzV5mFX0cfpS', 'ta8HJInIxhapGaGdzod4lycn4GeKUFBMhhVFmgxn8FIWdxgU1u6WXo5znHmu', '2020-02-02 10:16:25', '2020-02-02 10:16:25'),
(18, 'Bappi', 'bappi@cms.com', NULL, '$2y$10$1KCwsjzNwFK/0cHripQBB.kNGh9fxhUlxmsfxfQWsiMIvXWe0mozW', 'c1T5HkrIH4XKkPCfTSwZJBbFY9EqOEuUiusdBZJZymfHJEXdCPDOWy9xFIxS', '2020-02-02 10:17:27', '2020-02-02 10:17:27'),
(19, 'Badhon', 'badhon@cms.com', NULL, '$2y$10$Ht4eh1ijLRfjINpkTfzQvuhEyDKPZrzMVRYdrpTC64IfQcmzkCQ56', 'p3PkOa4aiJYJ70xKkDwWPTdIxldwbSfXs2fvJhqxt5FSzpKBryGCs0K93duc', '2020-02-02 10:19:06', '2020-02-02 10:19:06'),
(20, 'Nazmul', 'nazmul@cms.com', NULL, '$2y$10$//ZXP0F7JPsh9miMaC58Jurq.l/L3nt19pwwENcZcTinul7xV.SnO', 'uVN4DCOlUdFPbWDvLiSH07v31H2S4hNO8fXdAHj9MHwFP0eZt7xvYji4grAl', '2020-02-08 22:11:20', '2020-02-08 22:11:20');

-- --------------------------------------------------------

--
-- Table structure for table `work`
--

CREATE TABLE `work` (
  `id` int(11) NOT NULL,
  `user_id` int(11) NOT NULL,
  `today_work` text NOT NULL,
  `nextday_work` text DEFAULT NULL,
  `created_at` timestamp NULL DEFAULT current_timestamp(),
  `updated_at` timestamp NULL DEFAULT current_timestamp()
) ENGINE=InnoDB DEFAULT CHARSET=utf8mb4;

--
-- Dumping data for table `work`
--

INSERT INTO `work` (`id`, `user_id`, `today_work`, `nextday_work`, `created_at`, `updated_at`) VALUES
(3, 5, 'Complete the Filter of efit products ..\r\nWorking on that', 'Menu list some issue need to solve .', '2020-02-03 04:53:31', '2020-02-03 04:53:31'),
(4, 9, 'Place the \"Mentoring\" menu check . Fixed 2 Bug . Sebastian exportieren,BUG => Denis => Image Problem', 'Connect marketplace: Rearrange Menu,Hide Menu', '2020-02-03 05:23:58', '2020-02-03 05:23:58'),
(5, 8, 'Fix the computer', 'Check if it still running fine', '2020-02-03 05:27:22', '2020-02-03 05:27:22'),
(6, 13, 'Fabian Dashboard (search all customers/all orders/all articles, add login button to current users list, show latest order from all order, all canceled order amount, all shipped order amount, all order value, all product amount)', 'Fabian Dashboard(delete Top Affiliates table, replace Last Sales Of Digistore and The view should be similar to the photo)', '2020-02-03 05:32:23', '2020-02-03 05:32:23'),
(7, 10, 'Customer Profile double click edit', NULL, '2020-02-03 05:37:06', '2020-02-03 05:37:06'),
(8, 6, 'Beautyluxe update project live on beautyluxe.net  and try to fixed slug issues. Recheck UI Component and fixed it, if find out any fault.', NULL, '2020-02-03 07:02:58', '2020-02-03 07:02:58'),
(9, 12, 'Webscrapping', NULL, '2020-02-03 08:57:19', '2020-02-03 08:57:19'),
(10, 7, 'Learn about scrubbing , PHP Dom', 'Complete the scrubbing task and insert into database', '2020-02-03 11:14:20', '2020-02-03 11:14:20'),
(11, 12, 'Webscrapping', 'Webscrapping', '2020-02-03 12:59:44', '2020-02-03 12:59:44'),
(12, 11, 'Efit: Add new user page design\r\nEfit: Some design change and modified in Dashboard\r\nEfit: Modal shaking problem solved', 'Efit: Dashboard ui design and preloader style', '2020-02-03 13:01:11', '2020-02-03 13:01:11'),
(13, 16, '1. dynamic collection categories pages\r\n2.dynamic collections page\r\n3. improved plan page \r\n4.tried but failed to implement filter on plan-collections page', 'to be applied filter on plan-collections page. I think it has bit more complex to implement. it may take my whole day to implement it.', '2020-02-03 13:01:57', '2020-02-03 13:01:57'),
(14, 15, '1. Efit All modules work check finished without Efit Manage limitations modules ,\r\n2. Efit fronted  page rendering  using javascript.', 'Tomorrow Recheck only Manage limitations modules, and  Data show in Efit fronted .', '2020-02-03 13:10:55', '2020-02-03 13:10:55'),
(15, 6, 'Beautyluxe update project live on beautyluxe.net and try to fixed slug issues. Recheck UI Component and fixed it, if find out any fault.', '1. Send Email for reset user password with php mail function.\r\n2. Add to cart and order for Category wise products.', '2020-02-03 13:12:13', '2020-02-03 13:12:13'),
(16, 15, '1. Efit Manage Limitations,\r\n 2. Mail Send when new user create\r\n3.Mail Send when user order,\r\n4.Efit frontend Data Show,', '1.Efit froentend data Show', '2020-02-04 13:33:23', '2020-02-04 13:33:23'),
(17, 12, 'webscrapping', 'webscrapping', '2020-02-04 13:35:46', '2020-02-04 13:35:46'),
(18, 11, '1.Efit:Dashboard design styled\r\n2.Efit: Preloader with image completed\r\n3. Efit: Progress analysis page designed', '1.Efit: Fukus page style modification\r\n2.Efit : Dashboard progress bar style modification', '2020-02-04 13:35:58', '2020-02-04 13:35:58'),
(19, 6, '1. Send Email for reset user password with php mail function.\r\n2. Not yet full complete add to cart for category wise product.', '1. Complete category wise add to cart and checkout for this cart.\r\n2. Design full UI  same as like provided UI.', '2020-02-04 13:40:27', '2020-02-04 13:40:27'),
(20, 9, 'Helga data update and  Bulk Edit Button => LISTING PRODUCTS', 'Bulk Edit Button => LISTING PRODUCTS', '2020-02-05 12:31:16', '2020-02-05 12:31:16'),
(21, 6, '1. Add to cart and Checkout for newest products, and design product view card.\r\n2. Mobile friendly UI, and modity design for all device  view.\r\n3. Upload latest project in CPanel (beautyluxe)', 'Payment System.', '2020-02-05 12:49:34', '2020-02-05 12:49:34'),
(22, 16, '1. implemented server and client side logic for the  filtering system based on beds, garages, floors and baths.\r\n2. Added three extra plan features for assisting in the search system.\r\n3. implemented client side logic for the filtering system based on plan number, min-max height, min-max width, min-max depth', '1.To be implemented server side logic for the filtering system based on plan number, min-max height, min-max width, min-max depth', '2020-02-05 13:12:31', '2020-02-05 13:12:31'),
(23, 11, '1.Efit: Fukus page style modification\r\n2.Efit : Dashboard progress bar style modification\r\n3.Efit: User list share option modal', '1.Efit:Dashboard option design\r\n2.Efit: pdf design\r\n3. Efit: Design revised', '2020-02-05 13:40:49', '2020-02-05 13:40:49'),
(24, 15, '1. Reset login for user,\r\n2.User Profile log and unlog ,\r\n3. Front end data show', '1. Cart  function for  product order  in Efit Website', '2020-02-04 17:08:41', '2020-02-04 17:08:41'),
(25, 17, 'efit Add user input show , insert, update, delete, Create dataTable', NULL, '2020-02-06 10:25:52', '2020-02-06 10:25:52'),
(26, 6, '1. Language Bar change, and added more line for italian and english. \r\n2. Language select js error on product view page. Solve it.\r\n3. About information change.\r\n4. Top product, Best product tab panel hide.', '1. Add to cart with product photo, order, view, insert.\r\n2. Payment System.', '2020-02-06 11:50:54', '2020-02-06 11:50:54'),
(27, 7, 'DOM , scraper data from the host site to our site, data get from the api of news by rubics and customization', 'Based on purin new requirement', '2020-02-06 12:28:30', '2020-02-06 12:28:30'),
(28, 16, '1.implemented server side logic for the filtering system based on plan number, min-max height, min-max width, min-max depth\r\n2.plan collections page\'s all searches  , filters, paginations implemented and a simple bug fixed.', '1. search page to be implemented according to the plan collections page', '2020-02-06 12:47:52', '2020-02-06 12:47:52'),
(29, 11, '1.Efit:Dashboard option design\r\n 2.Efit: pdf design\r\n 3. Efit: Design revised', '1.Efit: Responsive design', '2020-02-06 13:17:47', '2020-02-06 13:17:47'),
(30, 16, '1. Onsale\r\n2.Search\r\n3.Menu', '1. Homepage', '2020-02-08 12:56:02', '2020-02-08 12:56:02'),
(31, 6, '1. Product Order with Photo. Add to cart with photo and show.\r\n2. Mobile Responsive design.', 'Payment System.', '2020-02-08 13:05:36', '2020-02-08 13:05:36'),
(32, 18, 'Generate PDF, Bug Fixed, Switch User', 'Bug Check & Fix', '2020-02-08 13:23:16', '2020-02-08 13:23:16'),
(33, 17, 'bug fixed in manage user input', 'Bug check and fixed', '2020-02-08 13:23:21', '2020-02-08 13:23:21'),
(34, 15, '1.View page render,\r\n2. Efit All modules  error fixed \r\n3.Fontend data  show .', '1. Efit  Modules  again check if  it  get error.', '2020-02-08 13:24:25', '2020-02-08 13:24:25'),
(35, 7, 'news send from the api,\r\ndata modified and configure the system by our condition', 'what chistoph need nothing specific till now', '2020-02-08 04:29:05', '2020-02-08 04:29:05'),
(36, 5, 'Fixing efit some issues', 'javascript practice', '2020-02-09 12:57:58', '2020-02-09 12:57:58'),
(37, 15, '1.Efit  Data base analysis.', 'New data base design', '2020-02-09 13:18:14', '2020-02-09 13:18:14'),
(38, 6, '1. Mollie Payment gateway.\r\n2. Remove Skrill payment option.\r\n3. Wishcart product image show.', 'work for mollie Payment gateway perfect transaction.', '2020-02-09 13:22:37', '2020-02-09 13:22:37'),
(39, 15, '1.Efit Database Design', '1.Efit Database Design', '2020-02-10 13:00:13', '2020-02-10 13:00:13'),
(40, 16, 'cart model, helping others', 'to implement cart and save functionalities', '2020-02-10 13:06:40', '2020-02-10 13:06:40'),
(41, 11, '1.Efit: PDF design modified\r\n2. Efit : Progress analysis page popover completed.\r\n3.Archimple: Some design fixed.', '1. Archimple: Page (Cart,Cart proceed) Design\r\n2. Efit : Vue template scratch', '2020-02-10 13:08:38', '2020-02-10 13:08:38'),
(42, 6, 'Product Order data save in Order table and get payment status value.', 'Check payment status and show to user and admin, payment is paid or unpaid.', '2020-02-10 13:11:46', '2020-02-10 13:11:46'),
(43, 11, '1.Efit : Responsive design\r\n2. Efit: Progress Analysis page design', NULL, '2020-02-08 13:28:56', '2020-02-08 13:28:56'),
(44, 7, 'All task are submitted. After the full test purin add new 8 task and 5 of them are completed.', '3 will done today at night and tomorrow.', '2020-02-11 11:45:22', '2020-02-11 11:45:22'),
(45, 15, '1.Edit database Design', 'Edit database Design', '2020-02-11 12:50:05', '2020-02-11 12:50:05'),
(46, 11, '1. Archimple: Page (Cart,Cart proceed) Design \r\n2. Efit : Vue template scratch\r\n3. Archimple + Efit : Some design solved', '1.Archimple: Page (Blog,Blog Details) Design\r\n2.Efit: Vue template scratch', '2020-02-11 12:50:24', '2020-02-11 12:50:24'),
(47, 16, 'cart and checkout implemented partially.\r\nhelped others', 'rest of the works of cart and checkout .', '2020-02-11 12:56:36', '2020-02-11 12:56:36'),
(48, 12, 'efaresconsulting    html template conversion to laravel', 'efaresconsulting    html template conversion to laravel', '2020-02-11 13:06:28', '2020-02-11 13:06:28'),
(49, 6, '1. Mollie payment method implement. Save database and show paid.\r\n2. Refund Payment from mollie payment gateway.\r\n3. Add refund/return product option on invoice field.', '1. Set proper logic for payment refund .', '2020-02-11 13:09:10', '2020-02-11 13:09:10'),
(50, 6, '1. Payment by Mollie and payment refund.\r\n2. Set option for particular order, like if payment type and status match then , show refund option. (only mollie type order can refund payment) Others type of payment can\'t show payment refund option.\r\n3. Admin can view order details, if user send refund  request then admin show, Payment Refund status.', 'Work on option 10 from requirement.\r\nInternational and local shipping rules and regulations.', '2020-02-12 11:49:01', '2020-02-12 11:49:01'),
(51, 7, 'task are done what have been assigned.\r\nbugs i got resolved', 'wait for new task and bug if purin get any', '2020-02-12 12:05:03', '2020-02-12 12:05:03'),
(52, 16, '1. save plan,\r\n2. setup drm on my pc', 'drm product sync', '2020-02-12 12:57:41', '2020-02-12 12:57:41'),
(53, 15, 'Efit Database Design', 'Efit  Database Design', '2020-02-12 12:58:06', '2020-02-12 12:58:06'),
(54, 11, '1.Archimple: Page (Blog,Blog Details.Blog Tag) Design\r\n2. Efit : Responsive design (Analysis Page)', '1.Archimple : Page (Save cart,Register,Login) Design\r\n2.Efit: Responsive (Efit mini analysis)', '2020-02-12 13:04:35', '2020-02-12 13:04:35'),
(55, 17, 'efit manageUser bug fixed , usersController insert, update , add pdf logo and custom link', NULL, '2020-02-13 09:49:45', '2020-02-13 09:49:45');

--
-- Indexes for dumped tables
--

--
-- Indexes for table `attendance`
--
ALTER TABLE `attendance`
  ADD PRIMARY KEY (`id`);

--
-- Indexes for table `costs`
--
ALTER TABLE `costs`
  ADD PRIMARY KEY (`id`);

--
-- Indexes for table `employees`
--
ALTER TABLE `employees`
  ADD PRIMARY KEY (`id`);

--
-- Indexes for table `employees_category`
--
ALTER TABLE `employees_category`
  ADD PRIMARY KEY (`id`);

--
-- Indexes for table `failed_jobs`
--
ALTER TABLE `failed_jobs`
  ADD PRIMARY KEY (`id`);

--
-- Indexes for table `fine`
--
ALTER TABLE `fine`
  ADD PRIMARY KEY (`id`);

--
-- Indexes for table `fine_title`
--
ALTER TABLE `fine_title`
  ADD PRIMARY KEY (`id`);

--
-- Indexes for table `member`
--
ALTER TABLE `member`
  ADD PRIMARY KEY (`id`);

--
-- Indexes for table `members`
--
ALTER TABLE `members`
  ADD PRIMARY KEY (`id`);

--
-- Indexes for table `member_meals`
--
ALTER TABLE `member_meals`
  ADD PRIMARY KEY (`id`);

--
-- Indexes for table `migrations`
--
ALTER TABLE `migrations`
  ADD PRIMARY KEY (`id`);

--
-- Indexes for table `others_costs`
--
ALTER TABLE `others_costs`
  ADD PRIMARY KEY (`id`);

--
-- Indexes for table `password_resets`
--
ALTER TABLE `password_resets`
  ADD KEY `password_resets_email_index` (`email`);

--
-- Indexes for table `projects`
--
ALTER TABLE `projects`
  ADD PRIMARY KEY (`id`);

--
-- Indexes for table `project_member`
--
ALTER TABLE `project_member`
  ADD PRIMARY KEY (`id`);

--
-- Indexes for table `snack_costs`
--
ALTER TABLE `snack_costs`
  ADD PRIMARY KEY (`id`);

--
-- Indexes for table `users`
--
ALTER TABLE `users`
  ADD PRIMARY KEY (`id`),
  ADD UNIQUE KEY `users_email_unique` (`email`);

--
-- Indexes for table `work`
--
ALTER TABLE `work`
  ADD PRIMARY KEY (`id`);

--
-- AUTO_INCREMENT for dumped tables
--

--
-- AUTO_INCREMENT for table `attendance`
--
ALTER TABLE `attendance`
  MODIFY `id` bigint(20) UNSIGNED NOT NULL AUTO_INCREMENT, AUTO_INCREMENT=248;

--
-- AUTO_INCREMENT for table `costs`
--
ALTER TABLE `costs`
  MODIFY `id` bigint(20) UNSIGNED NOT NULL AUTO_INCREMENT, AUTO_INCREMENT=14;

--
-- AUTO_INCREMENT for table `employees`
--
ALTER TABLE `employees`
  MODIFY `id` bigint(20) UNSIGNED NOT NULL AUTO_INCREMENT, AUTO_INCREMENT=28;

--
-- AUTO_INCREMENT for table `employees_category`
--
ALTER TABLE `employees_category`
  MODIFY `id` int(11) NOT NULL AUTO_INCREMENT, AUTO_INCREMENT=4;

--
-- AUTO_INCREMENT for table `failed_jobs`
--
ALTER TABLE `failed_jobs`
  MODIFY `id` bigint(20) UNSIGNED NOT NULL AUTO_INCREMENT;

--
-- AUTO_INCREMENT for table `fine`
--
ALTER TABLE `fine`
  MODIFY `id` int(10) NOT NULL AUTO_INCREMENT, AUTO_INCREMENT=3;

--
-- AUTO_INCREMENT for table `fine_title`
--
ALTER TABLE `fine_title`
  MODIFY `id` int(10) NOT NULL AUTO_INCREMENT, AUTO_INCREMENT=4;

--
-- AUTO_INCREMENT for table `member`
--
ALTER TABLE `member`
  MODIFY `id` int(10) UNSIGNED NOT NULL AUTO_INCREMENT, AUTO_INCREMENT=6;

--
-- AUTO_INCREMENT for table `members`
--
ALTER TABLE `members`
  MODIFY `id` int(50) NOT NULL AUTO_INCREMENT, AUTO_INCREMENT=19;

--
-- AUTO_INCREMENT for table `member_meals`
--
ALTER TABLE `member_meals`
  MODIFY `id` bigint(20) UNSIGNED NOT NULL AUTO_INCREMENT, AUTO_INCREMENT=38;

--
-- AUTO_INCREMENT for table `migrations`
--
ALTER TABLE `migrations`
  MODIFY `id` int(10) UNSIGNED NOT NULL AUTO_INCREMENT, AUTO_INCREMENT=9;

--
-- AUTO_INCREMENT for table `others_costs`
--
ALTER TABLE `others_costs`
  MODIFY `id` int(10) NOT NULL AUTO_INCREMENT, AUTO_INCREMENT=6;

--
-- AUTO_INCREMENT for table `projects`
--
ALTER TABLE `projects`
  MODIFY `id` int(11) NOT NULL AUTO_INCREMENT, AUTO_INCREMENT=10;

--
-- AUTO_INCREMENT for table `project_member`
--
ALTER TABLE `project_member`
  MODIFY `id` int(11) NOT NULL AUTO_INCREMENT, AUTO_INCREMENT=21;

--
-- AUTO_INCREMENT for table `snack_costs`
--
ALTER TABLE `snack_costs`
  MODIFY `id` int(5) NOT NULL AUTO_INCREMENT, AUTO_INCREMENT=11;

--
-- AUTO_INCREMENT for table `users`
--
ALTER TABLE `users`
  MODIFY `id` bigint(20) UNSIGNED NOT NULL AUTO_INCREMENT, AUTO_INCREMENT=21;

--
-- AUTO_INCREMENT for table `work`
--
ALTER TABLE `work`
  MODIFY `id` int(11) NOT NULL AUTO_INCREMENT, AUTO_INCREMENT=56;
COMMIT;

/*!40101 SET CHARACTER_SET_CLIENT=@OLD_CHARACTER_SET_CLIENT */;
/*!40101 SET CHARACTER_SET_RESULTS=@OLD_CHARACTER_SET_RESULTS */;
/*!40101 SET COLLATION_CONNECTION=@OLD_COLLATION_CONNECTION */;
